Format Dashboard,,,,,,,,,,,,,,,,,
Date Created,08/08/2026 20:52:57,,,,,,,,,,,,,,,,
,,,,,,,,,,,,,,,,,
,,,,,,,,,,,,,,,,,
,,,,,,,,,,,,,,,,,
,,,,,,,,,,,,,,,,,
SECTION A - GLOBAL SETTINGS,,,,,,,,,,,,,,,,,
,,,,,,,,,,,,,,,,,
Setting,Value,Base Template,Options / Format Description,,,,,,,,,,,,,,
,,,,,,,,,,,,,,,,,
Header Row,4,FALSE,"Numeric row number (e.g., 4)",,,,,,,,,,,,,,
Data Start Row,5,FALSE,"Numeric row number (e.g., 5)",,,,,,,,,,,,,,
Freeze Rows,4,TRUE,Numeric count of frozen rows,,,,,,,,,,,,,,
Freeze Columns,2,TRUE,Numeric count of frozen columns,,,,,,,,,,,,,,
Row 1 (Title)Height,25,TRUE,Numeric pixel height,,,,,,,,,,,,,,
Row 2 Height,25,TRUE,Numeric pixel height,,,,,,,,,,,,,,
Row 3 Height,10,TRUE,Numeric pixel height,,,,,,,,,,,,,,
Row 4 (Header) Height,40,FALSE,Numeric pixel height,,,,,,,,,,,,,,
A1 (Title) Font Size,14,TRUE,Numeric point size,,,,,,,,,,,,,,
A1 (Title) Font Style,Bold,TRUE,"Bold, Italic, or Normal",,,,,,,,,,,,,,
C1 (Title) Font Size,5,TRUE,Numeric point size,,,,,,,,,,,,,,
A1 (Title) Wrap,Overflow,TRUE,"CLIP, WRAP, or OVERFLOW",,,,,,,,,,,,,,
C1 (Title) Wrap,Wrap,TRUE,"CLIP, WRAP, or OVERFLOW",,,,,,,,,,,,,,
Row 4 (Header) Wrap,Wrap,TRUE,"CLIP, WRAP, or OVERFLOW",,,,,,,,,,,,,,
Standard Font,Arial,TRUE,Installed font family name,,,,,,,,,,,,,,
Standard Font Size,10,TRUE,Numeric point size,,,,,,,,,,,,,,
Standard Font Color,#000000,TRUE,"Hex color (e.g., #000000)",,,,,,,,,,,,,,
Standard Font Weight,Normal,TRUE,Normal or Bold,,,,,,,,,,,,,,
Default Background Color,#FFFFFF,FALSE,"Hex color (e.g., #FFFFFF)",,,,,,,,,,,,,,
Default Data Row Height,25,TRUE,Numeric pixel height,,,,,,,,,,,,,,
Default Column Width,105,TRUE,Numeric pixel width,,,,,,,,,,,,,,
Default Date Format,mm/dd/yyyy,FALSE,"Google Sheets number format (e.g., m/d/yy)",,,,,,,,,,,,,,
Default Number Format,General,FALSE,Google Sheets number format or General,,,,,,,,,,,,,,
Default Text Format,@,TRUE,"Google Sheets number format (e.g., @)",,,,,,,,,,,,,,
Default Data Wrap,Clip,TRUE,"CLIP, WRAP, or OVERFLOW",,,,,,,,,,,,,,
Default Horizontal Alignment,left,TRUE,"left, center, or right",,,,,,,,,,,,,,
Default Vertical Alignment,middle,TRUE,"top, middle, or bottom",,,,,,,,,,,,,,
HSL Level 1 Lightness %,60,FALSE,Numeric percent for tab accents / visual spacers,,,,,,,,,,,,,,
HSL Level 2 Lightness %,75,FALSE,Numeric percent for header rows,,,,,,,,,,,,,,
HSL Level 3 Lightness %,85,FALSE,Numeric percent for title rows / current tab,,,,,,,,,,,,,,
HSL Level 4 Lightness %,90,FALSE,Numeric percent for alternating color 1,,,,,,,,,,,,,,
HSL Level 5 Lightness %,97,FALSE,Numeric percent for alternating color 2,,,,,,,,,,,,,,
Global Border Color,#CCCCCC,TRUE,"Hex color (e.g., #CCCCCC)",,,,,,,,,,,,,,
Global Border Style,DOTTED,TRUE,"SOLID, SOLID_MEDIUM, SOLID_THICK, DASHED, DOTTED, or DOUBLE",,,,,,,,,,,,,,
Global Borders Enabled,TRUE,TRUE,TRUE or FALSE,,,,,,,,,,,,,,
Template Version,3.18,FALSE,Master release version,,,,,,,,,,,,,,
,,,,,,,,,,,,,,,,,
SECTION B - SHEET CREATION & LIFECYCLE GOVERNANCE,,,,,,,,,,,,,,,,,
,,,,,,,,,,,,,,,,,
System Sheet Name,Output Naming Pattern,Template Tab Rank,Active Tab Rank,Group,Visibility,Collision Policy,Data Row Trimming,Index Reg.,Notes,,,,,,,,
,,,,,,,,,,,,,,,,,
Index,Index,1,,System & Configuration,VISIBLE,OVERWRITE,FIXED_GRID,false,,,,,,,,,
Refined Data,Refined Data,2,,Core Operational,VISIBLE,INCREMENT,TRIM_TO_DATA,false,,,,,,,,,
Disenrolled Exclusion,Disenrolled,10,,Core Operational,VISIBLE,INCREMENT,TRIM_TO_DATA,false,,,,,,,,,
Master List,Master List mm.yy,21,Dynamic Ranking,Monthly Active,VISIBLE,INCREMENT,TRIM_TO_DATA,false,,,,,,,,,
Monthly Change,Monthly Change mm.yy,22,Dynamic Ranking,Monthly Active,VISIBLE,INCREMENT,TRIM_TO_DATA,false,,,,,,,,,
Raw Data,Raw Data mm.yy,23,Dynamic Ranking,Monthly Active,HIDDEN,OVERWRITE,TRIM_TO_DATA,false,,,,,,,,,
Banners,Banners mm.yy,24,Dynamic Ranking,Monthly Sub-Reports,HIDDEN,OVERWRITE,TRIM_TO_DATA,false,,,,,,,,,
CP Due Date,CP Due mm.yy,25,Dynamic Ranking,Monthly Sub-Reports,HIDDEN,OVERWRITE,TRIM_TO_DATA,false,,,,,,,,,
Unlock CP,Unlock CP mm.yy,26,Dynamic Ranking,Monthly Sub-Reports,HIDDEN,OVERWRITE,TRIM_TO_DATA,false,,,,,,,,,
Source - Raw Data,Source - Raw Data mm.yy,27,Dynamic Ranking,Source Data,HIDDEN,OVERWRITE,TRIM_TO_DATA,false,,,,,,,,,
Source - Banners,Source - Banners mm.yy,28,Dynamic Ranking,Source Data,HIDDEN,OVERWRITE,TRIM_TO_DATA,false,,,,,,,,,
Source - CP Due Date,Source - CP Due mm.yy,29,Dynamic Ranking,Source Data,HIDDEN,OVERWRITE,TRIM_TO_DATA,false,,,,,,,,,
Source - Unlock CP,Source - Unlock CP mm.yy,30,Dynamic Ranking,Source Data,HIDDEN,OVERWRITE,TRIM_TO_DATA,false,,,,,,,,,
Archive - Refined Data,Archive - Refined Data,350,,Core Operational,HIDDEN,INCREMENT,TRIM_TO_DATA,false,,,,,,,,,
Framework Timing Report,Framework Timing Report,500,,System & Configuration,VISIBLE,OVERWRITE,FIXED_GRID,false,,,,,,,,,
Dashboard Quality Report,Dashboard Quality Report,501,,System & Configuration,VISIBLE,OVERWRITE,FIXED_GRID,false,,,,,,,,,
Format Dashboard,Format Dashboard,502,,System & Configuration,VISIBLE,OVERWRITE,FIXED_GRID,false,,,,,,,,,
RFF_BASE_TEMPLATE,RFF_BASE_TEMPLATE,814,,Template,HIDDEN,OVERWRITE,FIXED_GRID,false,,,,,,,,,
Template - Banners,Template - Banners,801,,Template,HIDDEN,OVERWRITE,FIXED_GRID,,,,,,,,,,
Template - CP Due Date,Template - CP Due Date,802,,Template,HIDDEN,OVERWRITE,FIXED_GRID,,,,,,,,,,
Template - Unlock CP,Template - Unlock CP,803,,Template,HIDDEN,OVERWRITE,FIXED_GRID,,,,,,,,,,
Template - Raw Data,Template - Raw Data,804,,Template,HIDDEN,OVERWRITE,FIXED_GRID,,,,,,,,,,
Template - Refined Data,Template - Refined Data,805,,Template,HIDDEN,OVERWRITE,FIXED_GRID,,,,,,,,,,
Template - Disenrolled Exclusion,Template - Disenrolled Exclusion,806,,Template,HIDDEN,OVERWRITE,FIXED_GRID,,,,,,,,,,
Template - Master List,Template - Master List,807,,Template,HIDDEN,OVERWRITE,FIXED_GRID,,,,,,,,,,
Template - Monthly Change,Template - Monthly Change,808,,Template,HIDDEN,OVERWRITE,FIXED_GRID,,,,,,,,,,
Template - Archive - Refined Data,Template - Archive - Refined Data,809,,Template,HIDDEN,OVERWRITE,FIXED_GRID,,,,,,,,,,
Template - Framework Timing Report,Template - Framework Timing Report,810,,Template,HIDDEN,OVERWRITE,FIXED_GRID,,,,,,,,,,
Template - Dashboard Quality Report,Template - Dashboard Quality Report,811,,Template,HIDDEN,OVERWRITE,FIXED_GRID,,,,,,,,,,
Template - Format Dashboard,Default - Format Dashboard,812,,Template,HIDDEN,OVERWRITE,FIXED_GRID,,,,,,,,,,
,,,,,,,,,,,,,,,,,
SECTION C - TEMPLATE STRUCTURAL SPECS,,,,,,,,,,,,,,,,,
,,,,,,,,,,,,,,,,,
System Sheet Name,Report Title,Title Date Format,Base Color,Level 1,Level 2,Level 3,Level 4,Level 5,Title Font Color,Column Count,Default Column Widths,Row Mode,Minimum Rows,Buffer Rows,Uses Alternating Colors,Uses Subheaders,Notes
,,,,,,,,,,,,,,,,,
Banners,Banner Report,Date: / / to /,#65A9CC,#66AACC,#9FCADF,#C6DFEC,#D9EAF2,#F4F9FB,#000000,9,,AUTO_EXPAND,,,TRUE,FALSE,
CP Due Date,Care Plan Due Date Report,Date: / / to /,#65CC99,#66CC99,#9FDFBF,#C6ECD9,#D9F2E6,#F4FBF7,#000000,5,,AUTO_EXPAND,,,TRUE,FALSE,
Unlock CP,Unlocked Care Plan Report,Date: / / to /,#65CCC3,#66CCC3,#9FDFDA,#C6ECE9,#D9F2F0,#F4FBFB,#000000,4,,AUTO_EXPAND,,,TRUE,FALSE,
Raw Data,Raw Data,Date: / / to /,#657FCC,#6680CC,#9FAFDF,#C6CFEC,#D9DFF2,#F4F5FB,#000000,54,,AUTO_EXPAND,,,TRUE,FALSE,
Refined Data,Refined Data,Date: / / to /,#657FCC,#6680CC,#9FAFDF,#C6CFEC,#D9DFF2,#F4F5FB,#000000,80,,AUTO_EXPAND,,,TRUE,FALSE,
Disenrolled Exclusion,Disenrolled Exclusion,Date: / / to /,#CC65A1,#CC66A1,#DF9FC5,#ECC6DC,#F2D9E8,#FBF4F8,#000000,66,,AUTO_EXPAND,,,TRUE,FALSE,
Master List,Master List,Date: / / to /,#7665CC,#7766CC,#AA9FDF,#CCC6EC,#DDD9F2,#F5F4FB,#000000,37,,AUTO_EXPAND,,,TRUE,FALSE,
Monthly Change,Monthly Change Report,Date: / / to /,#A165CC,#A166CC,#C59FDF,#DCC6EC,#E8D9F2,#F8F4FB,#000000,54,,AUTO_EXPAND,,,TRUE,TRUE,
Archive - Refined Data,Archive - Refined Data,Date: / / to /,#657FCC,#6680CC,#9FAFDF,#C6CFEC,#D9DFF2,#F4F5FB,#000000,80,,AUTO_EXPAND,,,TRUE,FALSE,
Framework Timing Report,Framework Timing Report,Date Created/,#79B5D2,#66AACC,#9FCADF,#C6DFEC,#D9EAF2,#F4F9FB,#000000,7,250/250/500/350/250/250/500,AUTO_EXPAND,750,150,TRUE,TRUE,
Dashboard Quality Report,Dashboard Quality Report,Date Created/,#79B5D2,#66AACC,#9FCADF,#C6DFEC,#D9EAF2,#F4F9FB,#000000,4,250/250/350/300,AUTO_EXPAND,,,TRUE,TRUE,
Format Dashboard,Format Dashboard,Date Created/,#79B5D2,#66AACC,#9FCADF,#C6DFEC,#D9EAF2,#F4F9FB,#000000,19,220/150/215/165/130/120/120/120/140/120/120/306/144/100/100/110/100,AUTO_EXPAND,,,TRUE,TRUE,
Index,Index,Last Update/,#79B5D2,#66AACC,#9FCADF,#C6DFEC,#D9EAF2,#F4F9FB,#000000,10,160/185/160/160/30/160/185/160/160/160,AUTO_EXPAND,,,TRUE,FALSE,
,,,,,,,,,,,,,,,,,
SECTION D - ACTIVE OUTPUT GOVERNANCE,,,,,,,,,,,,,,,,,
,,,,,,,,,,,,,,,,,
System Sheet Name,Output Naming Pattern,Group,End Date Source,Remove / Archive,Row Height Enforcement,,,,,,,,,,,,
,,,,,,,,,,,,,,,,,
Banners,Banners,Dynamic Ranking,Last Day of Prompt Month,ARCHIVE,FALSE,,,,,,,,,,,,
CP Due Date,CP Due,Dynamic Ranking,Pulled From Spreadsheet,ARCHIVE,FALSE,,,,,,,,,,,,
Unlock CP,Unlock CP,Dynamic Ranking,Pulled From Spreadsheet,ARCHIVE,FALSE,,,,,,,,,,,,
Raw Data,Raw Data,Dynamic Ranking,Last Day of Prompt Month,,FALSE,,,,,,,,,,,,
Source - Raw Data,Source - Raw Data,Dynamic Ranking,Last Day of Prompt Month,ARCHIVE,FALSE,,,,,,,,,,,,
Source - Banners,Source - Banners,Dynamic Ranking,Last Day of Prompt Month,ARCHIVE,FALSE,,,,,,,,,,,,
Source - CP Due Date,Source - CP Due mm.yy,Dynamic Ranking,Pulled From Spreadsheet,ARCHIVE,FALSE,,,,,,,,,,,,
Source - Unlock CP,Source - Unlock CP mm.yy,Dynamic Ranking,Pulled From Spreadsheet,ARCHIVE,FALSE,,,,,,,,,,,,
Refined Data,Refined Data,,,,TRUE,,,,,,,,,,,,
Disenrolled Exclusion,Disenrolled,,,,TRUE,,,,,,,,,,,,
Master List,Master List,Dynamic Ranking,Last Day of Prompt Month,,FALSE,,,,,,,,,,,,
Monthly Change,Monthly Change,Dynamic Ranking,Last Day of Prompt Month,,FALSE,,,,,,,,,,,,
Archive - Refined Data,,,,,TRUE,,,,,,,,,,,,
Framework Timing Report,,,,,FALSE,,,,,,,,,,,,
Dashboard Quality Report,,,,,FALSE,,,,,,,,,,,,
Format Dashboard,,,,,FALSE,,,,,,,,,,,,
Index,,,,,FALSE,,,,,,,,,,,,
,,,,,,,,,,,,,,,,,
SECTION E - TITLE ROWS,,,,,,,,,,,,,,,,,
,,,,,,,,,,,,,,,,,
Sheet Type,Row,Purpose,Height,Fill Level,Font Size,Font Weight,Alignment,Wrap,Notes,,,,,,,,
,,,,,,,,,,,,,,,,,
GLOBAL,1,Report Title,25,Level 3,14/ /5/ / /14,Bold/ /Normal/ / /Bold/,Left/ /Left,Overflow/ /Wrap/ / /Overflow,A and C title cells; blank slash positions make no change,,,,,,,,
GLOBAL,2,Title Date Row,20,Level 3,10/ /10,Normal/ /Normal,Left/ /Left,Overflow/ /Overflow/ / /Overflow,A and C date-label cells; blank slash positions make no change,,,,,,,,
GLOBAL,3,Spacer,10,Level 1,10,Normal,Left,Clip,Spacer row,,,,,,,,
GLOBAL,4,Header Row,30,Level 2,10,Bold,Left,Wrap,Governed header row,,,,,,,,
,,,,,,,,,,,,,,,,,
SECTION F - SUBHEADER ROWS,,,,,,,,,,,,,,,,,
,,,,,,,,,,,,,,,,,
Sheet Type,Row,Purpose,Height,Fill Level,Font Size,Font Weight,Alignment,Wrap,Notes,,,,,,,,
,,,,,,,,,,,,,,,,,
GLOBAL,1,Intentional Blank Buffer,25,None,10,Normal,Left,Clip,Blank buffer above section title,,,,,,,,
GLOBAL,2,Section Header Title,25,Level 3,14/ /10,Bold/ /Italic,Left/ /Left,Overflow/ /Overflow,A section title and C last-updated label,,,,,,,,
GLOBAL,3,Visual Spacer Row,10,Level 1,10,Normal,Left,Clip,Spacer row below section title,,,,,,,,
GLOBAL,4,Governed Header Row,25,Level 2,8,Bold,Left,Wrap,Governed column headers,,,,,,,,
GLOBAL,5,Intentional Blank Buffer,25,None,10,Normal,Left,Clip,Blank buffer right below headers,,,,,,,,
GLOBAL,6,Data Anchor,25,Level 4,10,Normal,Left,Clip,First data entry point,,,,,,,,
,,,,,,,,,,,,,,,,,
SECTION G - COLUMN DEFINITIONS,,,,,,,,,,,,,,,,,
,,,,,,,,,,,,,,,,,
Header,Width,Header Font Size,Date Column,Hide Column,Data Wrap,Horizontal Alignment,Vertical Alignment,Number Format,,,,,,,,,
,,,,,,,,,,,,,,,,,
AD1 - Phone Valid Dates From,80,7,TRUE,TRUE,CLIP,,,mm/dd/yyyy,,,,,,,,,
AD1 - Phone Valid Dates To,80,7,TRUE,TRUE,CLIP,,,mm/dd/yyyy,,,,,,,,,
AD2 - Phone,90,,,TRUE,CLIP,,,,,,,,,,,,
AD2 - Phone Valid Dates From,110,7,TRUE,TRUE,CLIP,,,mm/dd/yyyy,,,,,,,,,
AD2 - Phone Valid Dates To,110,7,TRUE,TRUE,CLIP,,,mm/dd/yyyy,,,,,,,,,
AD3 - Phone,90,,,TRUE,CLIP,,,,,,,,,,,,
AD3 - Phone Valid Dates From,110,7,TRUE,TRUE,CLIP,,,mm/dd/yyyy,,,,,,,,,
AD3 - Phone Valid Dates To,110,7,TRUE,TRUE,CLIP,,,mm/dd/yyyy,,,,,,,,,
Added to Disenrolled Exclusion,80,7,TRUE,,CLIP,,,mm/dd/yyyy,,,,,,,,,
Additional Important Information,80,7,,TRUE,CLIP,,,,,,,,,,,,
Address 1 - Street,250,,,TRUE,CLIP,,,,,,,,,,,,
Address Line 1,240,,,,CLIP,,,,,,,,,,,,
Address Line 2,90,,,,CLIP,,,,,,,,,,,,
Archive Reason,90,,,,CLIP,,,,,,,,,,,,
Archived At,80,,TRUE,,CLIP,,,mm/dd/yyyy,,,,,,,,,
Banner Summary,140,,,,CLIP,,,,,,,,,,,,
Capitation Date,100,,TRUE,,CLIP,,,mm/dd/yyyy,,,,,,,,,
Care Plan Start Date,100,,TRUE,,CLIP,,,mm/dd/yyyy,,,,,,,,,
Caseload - Activities,100,,,,CLIP,,,,,,,,,,,,
Caseload - HCC,100,,,,CLIP,,,,,,,,,,,,
Caseload - OT,100,,,,CLIP,,,,,,,,,,,,
Caseload - PCP,100,,,,CLIP,,,,,,,,,,,,
Caseload - PT,100,,,,CLIP,,,,,,,,,,,,
Caseload - RD,100,,,,CLIP,,,,,,,,,,,,
Caseload - RN,100,,,,CLIP,,,,,,,,,,,,
Caseload - Social Work,100,,,,CLIP,,,,,,,,,,,,
Caseload - Supervising MD,100,7,,TRUE,CLIP,,,,,,,,,,,,
City,90,,,,CLIP,,,,,,,,,,,,
Columns With Change,220,,,,CLIP,,,,,,,,,,,,
Company,90,,,TRUE,CLIP,,,,,,,,,,,,
Contact - 1,140,,,TRUE,CLIP,,,,,,,,,,,,
Contact - 2,140,,,TRUE,CLIP,,,,,,,,,,,,
Contact - 3,140,,,TRUE,CLIP,,,,,,,,,,,,
Contact - 4,140,,,TRUE,CLIP,,,,,,,,,,,,
Contact - 5,140,,,TRUE,CLIP,,,,,,,,,,,,
Contact - 6,140,,,TRUE,CLIP,,,,,,,,,,,,
Contact - 7,140,,,TRUE,CLIP,,,,,,,,,,,,
Contact - 8,140,,,TRUE,CLIP,,,,,,,,,,,,
Contact - First Name,90,,,TRUE,CLIP,,,,,,,,,,,,
Contact - Last Name,90,,,TRUE,CLIP,,,,,,,,,,,,
Contact - Notes,100,,,TRUE,CLIP,,,,,,,,,,,,
Contact - Primary Language,90,,,TRUE,CLIP,,,,,,,,,,,,
Contact - Summary,140,,,TRUE,CLIP,,,,,,,,,,,,
CP Type,100,,,,CLIP,,,,,,,,,,,,
Custom Field 1 - Label,140,,,TRUE,CLIP,,,,,,,,,,,,
Custom Field 1 - Value,140,,,TRUE,CLIP,,,,,,,,,,,,
Date of Birth,90,,TRUE,,CLIP,,,mm/dd/yyyy,,,,,,,,,
Date of Death,80,,TRUE,,CLIP,,,mm/dd/yyyy,,,,,,,,,
Demo P Source Sheet,140,,,,CLIP,,,,,,,,,,,,
Demo P Update Month,140,,TRUE,,CLIP,,,mm/dd/yyyy,,,,,,,,,
Demo P Update Status,140,,TRUE,,CLIP,,,mm/dd/yyyy,,,,,,,,,
Disenrollment Date,115,,TRUE,,CLIP,,,mm/dd/yyyy,,,,,,,,,
Disenrollment Effective Date,115,,TRUE,,CLIP,,,mm/dd/yyyy,,,,,,,,,
Disenrollment Reason,115,,,,CLIP,,,,,,,,,,,,
DPOA or Guardian Active,90,7,,TRUE,CLIP,,,,,,,,,,,,
Enrollment Date,100,,TRUE,,CLIP,,,mm/dd/yyyy,,,,,,,,,
Enrollment Status,100,,,,CLIP,,,,,,,,,,,,
Equipment,140,,,,CLIP,,,,,,,,,,,,
Face Sheet,140,,,,CLIP,,,,,,,,,,,,
Fall Risk,60,,,,CLIP,,,,,,,,,,,,
First Name,100,,,,CLIP,,,,,,,,,,,,
IDT Meeting Date,100,,TRUE,,CLIP,,,mm/dd/yyyy,,,,,,,,,
Interpreter Needed,95,,,,CLIP,,,,,,,,,,,,
Last Care Plan,100,,TRUE,,CLIP,,,mm/dd/yyyy,,,,,,,,,
Last Name,165,,,,CLIP,,,,,,,,,,,,
Name,180,,,,CLIP,,,,,,,,,,,,
Next Care Plan Due,100,,TRUE,,CLIP,,,mm/dd/yyyy,,,,,,,,,
Notes,140,,,,CLIP,,,,,,,,,,,,
Oxygen,74,,,,CLIP,,,,,,,,,,,,
Palliative Care,95,,,,CLIP,,,,,,,,,,,,
Participant Name,250,,,,CLIP,,,,,,,,,,,,
Participant PMR#,100,,,,CLIP,,,,,,,,,,,,
Phone 1 - Label,85,,,TRUE,CLIP,,,,,,,,,,,,
Phone 1 - Value,85,,,,CLIP,,,,,,,,,,,,
Phone 2 - Label,85,,,TRUE,CLIP,,,,,,,,,,,,
Phone 2 - Value,85,,,,CLIP,,,,,,,,,,,,
Phone 3 - Label,85,,,TRUE,CLIP,,,,,,,,,,,,
Phone 3 - Value,85,,,,CLIP,,,,,,,,,,,,
Phone 4 - Label,85,,,TRUE,CLIP,,,,,,,,,,,,
Phone 4 - Value,85,,,,CLIP,,,,,,,,,,,,
Phone Number,90,,,,CLIP,,,,,,,,,,,,
PMR #,100,,,,CLIP,,,,,,,,,,,,
Preferred Name,120,,,,CLIP,,,,,,,,,,,,
Primary Language,90,,,,CLIP,,,,,,,,,,,,
Primary PMR Row,110,,,TRUE,CLIP,,,,,,,,,,,,
Relationship,110,,,TRUE,CLIP,,,,,,,,,,,,
Residence Type,105,,,,CLIP,,,,,,,,,,,,
Safety - 2 Person,84,,,,CLIP,,,,,,,,,,,,
Source Month,80,,TRUE,,CLIP,,,mm/dd/yyyy,,,,,,,,,
Source Sheet,150,,,,CLIP,,,,,,,,,,,,
Source Workflow,90,,,,CLIP,,,,,,,,,,,,
State,69,,,,CLIP,,,,,,,,,,,,
Type of Contact,90,,,TRUE,CLIP,,,,,,,,,,,,
Wanderer,90,,,,CLIP,,,,,,,,,,,,
Completed,120,,,,CLIP,,,,,,,,,,,,
HHA,140,,,,CLIP,,,,,,,,,,,,
Zip,80,,,,CLIP,,,,,,,,,,,,
,,,,,,,,,,,,,,,,,
SECTION H - SHEET HEADERS,,,,,,,,,,,,,,,,,
,,,,,,,,,,,,,,,,,
Sheet Type,Column Order,Header,Source of Data,,,,,,,,,,,,,,
,,,,,,,,,,,,,,,,,
Index,1,Section/Month,Index workflow,,,,,,,,,,,,,,
Index,2,Sheet Tab Name,Index workflow,,,,,,,,,,,,,,
Index,3,Workspace Link,Index workflow,,,,,,,,,,,,,,
Index,4,Visibility,Index workflow,,,,,,,,,,,,,,
Index,5,,Intentional spacer,,,,,,,,,,,,,,
Index,6,Archive Month,Archive index,,,,,,,,,,,,,,
Index,7,Archive Sheet Name,Archive index,,,,,,,,,,,,,,
Index,8,Link to Sheet,Archive index,,,,,,,,,,,,,,
Index,9,Restore Action,Archive index,,,,,,,,,,,,,,
Index,10,Status,Archive index,,,,,,,,,,,,,,
Banners,1,Last Name,Primary Data,,,,,,,,,,,,,,
Banners,2,First Name,Primary Data,,,,,,,,,,,,,,
Banners,3,Participant PMR#,Primary Data,,,,,,,,,,,,,,
Banners,4,Safety - 2 Person,Primary Data,,,,,,,,,,,,,,
Banners,5,Wanderer,Primary Data,,,,,,,,,,,,,,
Banners,6,Interpreter Needed,Primary Data,,,,,,,,,,,,,,
Banners,7,Fall Risk,Primary Data,,,,,,,,,,,,,,
Banners,8,DPOA or Guardian Active,Primary Data,,,,,,,,,,,,,,
Banners,9,Palliative Care,Primary Data,,,,,,,,,,,,,,
CP Due Date,1,Participant Name,Primary Data,,,,,,,,,,,,,,
CP Due Date,2,Enrollment Date,Primary Data,,,,,,,,,,,,,,
CP Due Date,3,Last Care Plan,Primary Data,,,,,,,,,,,,,,
CP Due Date,4,Next Care Plan Due,Primary Data,,,,,,,,,,,,,,
CP Due Date,5,CP Type,Primary Data,,,,,,,,,,,,,,
Unlock CP,1,Participant Name,Primary Data,,,,,,,,,,,,,,
Unlock CP,2,PMR #,Primary Data,,,,,,,,,,,,,,
Unlock CP,3,IDT Meeting Date,Primary Data,,,,,,,,,,,,,,
Unlock CP,4,Care Plan Start Date,Primary Data,,,,,,,,,,,,,,
Raw Data,1,Last Name,Primary Data,,,,,,,,,,,,,,
Raw Data,2,First Name,Primary Data,,,,,,,,,,,,,,
Raw Data,3,Preferred Name,Primary Data,,,,,,,,,,,,,,
Raw Data,4,Date of Birth,Primary Data,,,,,,,,,,,,,,
Raw Data,5,Participant PMR#,Primary Data,,,,,,,,,,,,,,
Raw Data,6,Phone Number,Primary Data,,,,,,,,,,,,,,
Raw Data,7,Address Line 1,Primary Data,,,,,,,,,,,,,,
Raw Data,8,Address Line 2,Primary Data,,,,,,,,,,,,,,
Raw Data,9,City,Primary Data,,,,,,,,,,,,,,
Raw Data,10,State,Primary Data,,,,,,,,,,,,,,
Raw Data,11,Zip,Primary Data,,,,,,,,,,,,,,
Raw Data,12,Oxygen,Primary Data,,,,,,,,,,,,,,
Raw Data,13,Primary Language,Primary Data,,,,,,,,,,,,,,
Raw Data,14,Residence Type,Primary Data,,,,,,,,,,,,,,
Raw Data,15,Contact - Last Name,Primary Data,,,,,,,,,,,,,,
Raw Data,16,Contact - First Name,Primary Data,,,,,,,,,,,,,,
Raw Data,17,Type of Contact,Primary Data,,,,,,,,,,,,,,
Raw Data,18,Contact - Primary Language,Primary Data,,,,,,,,,,,,,,
Raw Data,19,Relationship,Primary Data,,,,,,,,,,,,,,
Raw Data,20,AD1 - Phone,Primary Data,,,,,,,,,,,,,,
Raw Data,21,AD1 - Phone Valid Dates From,Primary Data,,,,,,,,,,,,,,
Raw Data,22,AD1 - Phone Valid Dates To,Primary Data,,,,,,,,,,,,,,
Raw Data,23,AD2 - Phone,Primary Data,,,,,,,,,,,,,,
Raw Data,24,AD2 - Phone Valid Dates From,Primary Data,,,,,,,,,,,,,,
Raw Data,25,AD2 - Phone Valid Dates To,Primary Data,,,,,,,,,,,,,,
Raw Data,26,AD3 - Phone,Primary Data,,,,,,,,,,,,,,
Raw Data,27,AD3 - Phone Valid Dates From,Primary Data,,,,,,,,,,,,,,
Raw Data,28,AD3 - Phone Valid Dates To,Primary Data,,,,,,,,,,,,,,
Raw Data,29,Company,Primary Data,,,,,,,,,,,,,,
Raw Data,30,Contact - Notes,Primary Data,,,,,,,,,,,,,,
Raw Data,31,Capitation Date,Primary Data,,,,,,,,,,,,,,
Raw Data,32,Enrollment Status,Primary Data,,,,,,,,,,,,,,
Raw Data,33,Disenrollment Date,Primary Data,,,,,,,,,,,,,,
Raw Data,34,Disenrollment Effective Date,Primary Data,,,,,,,,,,,,,,
Raw Data,35,Disenrollment Reason,Primary Data,,,,,,,,,,,,,,
Raw Data,36,Date of Death,Primary Data,,,,,,,,,,,,,,
Raw Data,37,Caseload - Social Work,Primary Data,,,,,,,,,,,,,,
Raw Data,38,Caseload - RN,Primary Data,,,,,,,,,,,,,,
Raw Data,39,Caseload - PCP,Primary Data,,,,,,,,,,,,,,
Raw Data,40,Caseload - HCC,Primary Data,,,,,,,,,,,,,,
Raw Data,41,Caseload - Activities,Primary Data,,,,,,,,,,,,,,
Raw Data,42,Caseload - OT,Primary Data,,,,,,,,,,,,,,
Raw Data,43,Caseload - PT,Primary Data,,,,,,,,,,,,,,
Raw Data,44,Caseload - RD,Primary Data,,,,,,,,,,,,,,
Raw Data,45,Caseload - Supervising MD,Primary Data,,,,,,,,,,,,,,
Raw Data,46,Additional Important Information,Primary Data,,,,,,,,,,,,,,
Raw Data,47,Safety - 2 Person,Banners,,,,,,,,,,,,,,
Raw Data,48,Wanderer,Banners,,,,,,,,,,,,,,
Raw Data,49,Interpreter Needed,Banners,,,,,,,,,,,,,,
Raw Data,50,Fall Risk,Banners,,,,,,,,,,,,,,
Raw Data,51,DPOA or Guardian Active,Banners,,,,,,,,,,,,,,
Raw Data,52,Palliative Care,Banners,,,,,,,,,,,,,,
Raw Data,53,Primary PMR Row,Raw Data Process,,,,,,,,,,,,,,
Refined Data,1,Last Name,Raw Data,,,,,,,,,,,,,,
Refined Data,2,First Name,Raw Data,,,,,,,,,,,,,,
Refined Data,3,Preferred Name,Raw Data,,,,,,,,,,,,,,
Refined Data,4,Date of Birth,Raw Data,,,,,,,,,,,,,,
Refined Data,5,Participant PMR#,Raw Data,,,,,,,,,,,,,,
Refined Data,6,Phone Number,Raw Data,,,,,,,,,,,,,,
Refined Data,7,Address Line 1,Raw Data,,,,,,,,,,,,,,
Refined Data,8,Address Line 2,Raw Data,,,,,,,,,,,,,,
Refined Data,9,City,Raw Data,,,,,,,,,,,,,,
Refined Data,10,State,Raw Data,,,,,,,,,,,,,,
Refined Data,11,Zip,Raw Data,,,,,,,,,,,,,,
Refined Data,12,Oxygen,Raw Data,,,,,,,,,,,,,,
Refined Data,13,Primary Language,Raw Data,,,,,,,,,,,,,,
Refined Data,14,Residence Type,Raw Data,,,,,,,,,,,,,,
Refined Data,15,Contact - Last Name,Raw Data,,,,,,,,,,,,,,
Refined Data,16,Contact - First Name,Raw Data,,,,,,,,,,,,,,
Refined Data,17,Type of Contact,Raw Data,,,,,,,,,,,,,,
Refined Data,18,Contact - Primary Language,Raw Data,,,,,,,,,,,,,,
Refined Data,19,Relationship,Raw Data,,,,,,,,,,,,,,
Refined Data,20,AD1 - Phone,Raw Data,,,,,,,,,,,,,,
Refined Data,21,AD1 - Phone Valid Dates From,Raw Data,,,,,,,,,,,,,,
Refined Data,22,AD1 - Phone Valid Dates To,Raw Data,,,,,,,,,,,,,,
Refined Data,23,AD2 - Phone,Raw Data,,,,,,,,,,,,,,
Refined Data,24,AD2 - Phone Valid Dates From,Raw Data,,,,,,,,,,,,,,
Refined Data,25,AD2 - Phone Valid Dates To,Raw Data,,,,,,,,,,,,,,
Refined Data,26,AD3 - Phone,Raw Data,,,,,,,,,,,,,,
Refined Data,27,AD3 - Phone Valid Dates From,Raw Data,,,,,,,,,,,,,,
Refined Data,28,AD3 - Phone Valid Dates To,Raw Data,,,,,,,,,,,,,,
Refined Data,29,Company,Raw Data,,,,,,,,,,,,,,
Refined Data,30,Contact - Notes,Raw Data,,,,,,,,,,,,,,
Refined Data,31,Capitation Date,Raw Data,,,,,,,,,,,,,,
Refined Data,32,Enrollment Status,Raw Data,,,,,,,,,,,,,,
Refined Data,33,Disenrollment Date,Raw Data,,,,,,,,,,,,,,
Refined Data,34,Disenrollment Effective Date,Raw Data,,,,,,,,,,,,,,
Refined Data,35,Disenrollment Reason,Raw Data,,,,,,,,,,,,,,
Refined Data,36,Date of Death,Raw Data,,,,,,,,,,,,,,
Refined Data,37,Caseload - Social Work,Raw Data,,,,,,,,,,,,,,
Refined Data,38,Caseload - RN,Raw Data,,,,,,,,,,,,,,
Refined Data,39,Caseload - PCP,Raw Data,,,,,,,,,,,,,,
Refined Data,40,Caseload - HCC,Raw Data,,,,,,,,,,,,,,
Refined Data,41,Caseload - Activities,Raw Data,,,,,,,,,,,,,,
Refined Data,42,Caseload - OT,Raw Data,,,,,,,,,,,,,,
Refined Data,43,Caseload - PT,Raw Data,,,,,,,,,,,,,,
Refined Data,44,Caseload - RD,Raw Data,,,,,,,,,,,,,,
Refined Data,45,Caseload - Supervising MD,Raw Data,,,,,,,,,,,,,,
Refined Data,46,Additional Important Information,Raw Data,,,,,,,,,,,,,,
Refined Data,47,Safety - 2 Person,Raw Data,,,,,,,,,,,,,,
Refined Data,48,Wanderer,Raw Data,,,,,,,,,,,,,,
Refined Data,49,Interpreter Needed,Raw Data,,,,,,,,,,,,,,
Refined Data,50,Fall Risk,Raw Data,,,,,,,,,,,,,,
Refined Data,51,DPOA or Guardian Active,Raw Data,,,,,,,,,,,,,,
Refined Data,52,Palliative Care,Raw Data,,,,,,,,,,,,,,
Refined Data,53,Primary PMR Row,Demo P process,,,,,,,,,,,,,,
Refined Data,54,Banner Summary,Demo P process,,,,,,,,,,,,,,
Refined Data,55,Phone 1 - Label,Demo P process,,,,,,,,,,,,,,
Refined Data,56,Phone 1 - Value,Demo P process,,,,,,,,,,,,,,
Refined Data,57,Phone 2 - Label,Demo P process,,,,,,,,,,,,,,
Refined Data,58,Phone 2 - Value,Demo P process,,,,,,,,,,,,,,
Refined Data,59,Phone 3 - Label,Demo P process,,,,,,,,,,,,,,
Refined Data,60,Phone 3 - Value,Demo P process,,,,,,,,,,,,,,
Refined Data,61,Phone 4 - Label,Demo P process,,,,,,,,,,,,,,
Refined Data,62,Phone 4 - Value,Demo P process,,,,,,,,,,,,,,
Refined Data,63,Address 1 - Street,Demo P process,,,,,,,,,,,,,,
Refined Data,64,Custom Field 1 - Label,Demo P process,,,,,,,,,,,,,,
Refined Data,65,Custom Field 1 - Value,Demo P process,,,,,,,,,,,,,,
Refined Data,66,Notes,Demo P process,,,,,,,,,,,,,,
Refined Data,67,Contact - 1,Demo P process,,,,,,,,,,,,,,
Refined Data,68,Contact - 2,Demo P process,,,,,,,,,,,,,,
Refined Data,69,Contact - 3,Demo P process,,,,,,,,,,,,,,
Refined Data,70,Contact - 4,Demo P process,,,,,,,,,,,,,,
Refined Data,71,Contact - 5,Demo P process,,,,,,,,,,,,,,
Refined Data,72,Contact - 6,Demo P process,,,,,,,,,,,,,,
Refined Data,73,Contact - 7,Demo P process,,,,,,,,,,,,,,
Refined Data,74,Contact - 8,Demo P process,,,,,,,,,,,,,,
Refined Data,75,Contact - Summary,Demo P process,,,,,,,,,,,,,,
Refined Data,76,Participant Name,Demo P process,,,,,,,,,,,,,,
Refined Data,77,Name,Demo P process,,,,,,,,,,,,,,
Refined Data,78,Demo P Update Status,Demo P process,,,,,,,,,,,,,,
Refined Data,79,Demo P Update Month,Demo P process,,,,,,,,,,,,,,
Refined Data,80,Demo P Source Sheet,Demo P process,,,,,,,,,,,,,,
Disenrolled Exclusion,1,Participant Name,Demo P,,,,,,,,,,,,,,
Disenrolled Exclusion,2,Name,Demo P,,,,,,,,,,,,,,
Disenrolled Exclusion,3,Preferred Name,Demo P,,,,,,,,,,,,,,
Disenrolled Exclusion,4,Date of Birth,Demo P,,,,,,,,,,,,,,
Disenrolled Exclusion,5,Address 1 - Street,Demo P,,,,,,,,,,,,,,
Disenrolled Exclusion,6,City,Demo P,,,,,,,,,,,,,,
Disenrolled Exclusion,7,State,Demo P,,,,,,,,,,,,,,
Disenrolled Exclusion,8,Zip,Demo P,,,,,,,,,,,,,,
Disenrolled Exclusion,9,Phone 1 - Value,Demo P,,,,,,,,,,,,,,
Disenrolled Exclusion,10,Phone 2 - Value,Demo P,,,,,,,,,,,,,,
Disenrolled Exclusion,11,Participant PMR#,Demo P,,,,,,,,,,,,,,
Disenrolled Exclusion,12,Primary Language,Demo P,,,,,,,,,,,,,,
Disenrolled Exclusion,13,Residence Type,Demo P,,,,,,,,,,,,,,
Disenrolled Exclusion,14,Notes,Demo P,,,,,,,,,,,,,,
Disenrolled Exclusion,15,IDT Meeting Date,Demo P,,,,,,,,,,,,,,
Disenrolled Exclusion,16,Care Plan Start Date,Demo P,,,,,,,,,,,,,,
Disenrolled Exclusion,17,Enrollment Date,Demo P,,,,,,,,,,,,,,
Disenrolled Exclusion,18,Last Care Plan,Demo P,,,,,,,,,,,,,,
Disenrolled Exclusion,19,Next Care Plan Due,Demo P,,,,,,,,,,,,,,
Disenrolled Exclusion,20,CP Type,Demo P,,,,,,,,,,,,,,
Disenrolled Exclusion,21,Oxygen,Demo P,,,,,,,,,,,,,,
Disenrolled Exclusion,22,Caseload - Social Work,Demo P,,,,,,,,,,,,,,
Disenrolled Exclusion,23,Caseload - RN,Demo P,,,,,,,,,,,,,,
Disenrolled Exclusion,24,Caseload - PCP,Demo P,,,,,,,,,,,,,,
Disenrolled Exclusion,25,Caseload - HCC,Demo P,,,,,,,,,,,,,,
Disenrolled Exclusion,26,Caseload - Activities,Demo P,,,,,,,,,,,,,,
Disenrolled Exclusion,27,Caseload - OT,Demo P,,,,,,,,,,,,,,
Disenrolled Exclusion,28,Caseload - PT,Demo P,,,,,,,,,,,,,,
Disenrolled Exclusion,29,Caseload - RD,Demo P,,,,,,,,,,,,,,
Disenrolled Exclusion,30,Caseload - Supervising MD,Demo P,,,,,,,,,,,,,,
Disenrolled Exclusion,31,Capitation Date,Demo P,,,,,,,,,,,,,,
Disenrolled Exclusion,32,Enrollment Status,Demo P,,,,,,,,,,,,,,
Disenrolled Exclusion,33,Disenrollment Date,Demo P,,,,,,,,,,,,,,
Disenrolled Exclusion,34,Disenrollment Effective Date,Demo P,,,,,,,,,,,,,,
Disenrolled Exclusion,35,Disenrollment Reason,Demo P,,,,,,,,,,,,,,
Disenrolled Exclusion,36,Date of Death,Demo P,,,,,,,,,,,,,,
Disenrolled Exclusion,37,Contact - Last Name,Demo P,,,,,,,,,,,,,,
Disenrolled Exclusion,38,Contact - First Name,Demo P,,,,,,,,,,,,,,
Disenrolled Exclusion,39,Type of Contact,Demo P,,,,,,,,,,,,,,
Disenrolled Exclusion,40,Contact - Primary Language,Demo P,,,,,,,,,,,,,,
Disenrolled Exclusion,41,Relationship,Demo P,,,,,,,,,,,,,,
Disenrolled Exclusion,42,AD1 - Phone,Demo P,,,,,,,,,,,,,,
Disenrolled Exclusion,43,AD1 - Phone Valid Dates From,Demo P,,,,,,,,,,,,,,
Disenrolled Exclusion,44,AD1 - Phone Valid Dates To,Demo P,,,,,,,,,,,,,,
Disenrolled Exclusion,45,AD2 - Phone,Demo P,,,,,,,,,,,,,,
Disenrolled Exclusion,46,AD2 - Phone Valid Dates From,Demo P,,,,,,,,,,,,,,
Disenrolled Exclusion,47,AD2 - Phone Valid Dates To,Demo P,,,,,,,,,,,,,,
Disenrolled Exclusion,48,AD3 - Phone,Demo P,,,,,,,,,,,,,,
Disenrolled Exclusion,49,AD3 - Phone Valid Dates From,Demo P,,,,,,,,,,,,,,
Disenrolled Exclusion,50,AD3 - Phone Valid Dates To,Demo P,,,,,,,,,,,,,,
Disenrolled Exclusion,51,Company,Demo P,,,,,,,,,,,,,,
Disenrolled Exclusion,52,Contact - Notes,Demo P,,,,,,,,,,,,,,
Disenrolled Exclusion,53,Safety - 2 Person,Demo P,,,,,,,,,,,,,,
Disenrolled Exclusion,54,Wanderer,Demo P,,,,,,,,,,,,,,
Disenrolled Exclusion,55,Interpreter Needed,Demo P,,,,,,,,,,,,,,
Disenrolled Exclusion,56,Fall Risk,Demo P,,,,,,,,,,,,,,
Disenrolled Exclusion,57,DPOA or Guardian Active,Demo P,,,,,,,,,,,,,,
Disenrolled Exclusion,58,Palliative Care,Demo P,,,,,,,,,,,,,,
Disenrolled Exclusion,59,Last Name,Demo P,,,,,,,,,,,,,,
Disenrolled Exclusion,60,First Name,Demo P,,,,,,,,,,,,,,
Disenrolled Exclusion,61,Phone Number,Demo P,,,,,,,,,,,,,,
Disenrolled Exclusion,62,Address Line 1,Demo P,,,,,,,,,,,,,,
Disenrolled Exclusion,63,Address Line 2,Demo P,,,,,,,,,,,,,,
Disenrolled Exclusion,64,Additional Important Information,Demo P,,,,,,,,,,,,,,
Disenrolled Exclusion,65,Added to Disenrolled Exclusion,Disenroll Process,,,,,,,,,,,,,,
Disenrolled Exclusion,66,PMR #,Demo P,,,,,,,,,,,,,,
Master List,1,Participant Name,Demo P,,,,,,,,,,,,,,
Master List,2,Name,Demo P,,,,,,,,,,,,,,
Master List,3,Preferred Name,Demo P,,,,,,,,,,,,,,
Master List,4,Date of Birth,Demo P,,,,,,,,,,,,,,
Master List,5,Address 1 - Street,Demo P,,,,,,,,,,,,,,
Master List,6,City,Demo P,,,,,,,,,,,,,,
Master List,7,State,Demo P,,,,,,,,,,,,,,
Master List,8,Zip,Demo P,,,,,,,,,,,,,,
Master List,9,Phone 1 - Value,Demo P,,,,,,,,,,,,,,
Master List,10,Phone 2 - Value,Demo P,,,,,,,,,,,,,,
Master List,11,Participant PMR#,Demo P,,,,,,,,,,,,,,
Master List,12,Primary Language,Demo P,,,,,,,,,,,,,,
Master List,13,Residence Type,Demo P,,,,,,,,,,,,,,
Master List,14,Notes,Demo P,,,,,,,,,,,,,,
Master List,15,IDT Meeting Date,Demo P,,,,,,,,,,,,,,
Master List,16,Care Plan Start Date,Demo P,,,,,,,,,,,,,,
Master List,17,Enrollment Date,Demo P,,,,,,,,,,,,,,
Master List,18,Last Care Plan,Demo P,,,,,,,,,,,,,,
Master List,19,Next Care Plan Due,Demo P,,,,,,,,,,,,,,
Master List,20,CP Type,Demo P,,,,,,,,,,,,,,
Master List,21,Completed,Demo P,,,,,,,,,,,,,,
Master List,22,Face Sheet,Demo P,,,,,,,,,,,,,,
Master List,23,HHA,Demo P,,,,,,,,,,,,,,
Master List,24,Oxygen,Demo P,,,,,,,,,,,,,,
Master List,25,Equipment,Demo P,,,,,,,,,,,,,,
Master List,26,Caseload - Social Work,Demo P,,,,,,,,,,,,,,
Master List,27,Caseload - RN,Demo P,,,,,,,,,,,,,,
Master List,28,Caseload - PCP,Demo P,,,,,,,,,,,,,,
Master List,29,Caseload - HCC,Demo P,,,,,,,,,,,,,,
Master List,30,Caseload - Activities,Demo P,,,,,,,,,,,,,,
Master List,31,Caseload - OT,Demo P,,,,,,,,,,,,,,
Master List,32,Caseload - PT,Demo P,,,,,,,,,,,,,,
Master List,33,Caseload - RD,Demo P,,,,,,,,,,,,,,
Master List,34,Caseload - Supervising MD,Demo P,,,,,,,,,,,,,,
Master List,35,Capitation Date,Demo P,,,,,,,,,,,,,,
Master List,36,Enrollment Status,Demo P,,,,,,,,,,,,,,
Master List,37,Primary PMR Row,Demo P,,,,,,,,,,,,,,
Monthly Change,1,Last Name,Populates via process Compare Raw Data to Raw Data,,,,,,,,,,,,,,
Monthly Change,2,First Name,Populates via process Compare Raw Data to Raw Data,,,,,,,,,,,,,,
Monthly Change,3,Preferred Name,Populates via process Compare Raw Data to Raw Data,,,,,,,,,,,,,,
Monthly Change,4,Date of Birth,Populates via process Compare Raw Data to Raw Data,,,,,,,,,,,,,,
Monthly Change,5,Participant PMR#,Populates via process Compare Raw Data to Raw Data,,,,,,,,,,,,,,
Monthly Change,6,Phone Number,Populates via process Compare Raw Data to Raw Data,,,,,,,,,,,,,,
Monthly Change,7,Address Line 1,Populates via process Compare Raw Data to Raw Data,,,,,,,,,,,,,,
Monthly Change,8,Address Line 2,Populates via process Compare Raw Data to Raw Data,,,,,,,,,,,,,,
Monthly Change,9,City,Populates via process Compare Raw Data to Raw Data,,,,,,,,,,,,,,
Monthly Change,10,State,Populates via process Compare Raw Data to Raw Data,,,,,,,,,,,,,,
Monthly Change,11,Zip,Populates via process Compare Raw Data to Raw Data,,,,,,,,,,,,,,
Monthly Change,12,Oxygen,Populates via process Compare Raw Data to Raw Data,,,,,,,,,,,,,,
Monthly Change,13,Primary Language,Populates via process Compare Raw Data to Raw Data,,,,,,,,,,,,,,
Monthly Change,14,Residence Type,Populates via process Compare Raw Data to Raw Data,,,,,,,,,,,,,,
Monthly Change,15,Contact - Last Name,Populates via process Compare Raw Data to Raw Data,,,,,,,,,,,,,,
Monthly Change,16,Contact - First Name,Populates via process Compare Raw Data to Raw Data,,,,,,,,,,,,,,
Monthly Change,17,Type of Contact,Populates via process Compare Raw Data to Raw Data,,,,,,,,,,,,,,
Monthly Change,18,Contact - Primary Language,Populates via process Compare Raw Data to Raw Data,,,,,,,,,,,,,,
Monthly Change,19,Relationship,Populates via process Compare Raw Data to Raw Data,,,,,,,,,,,,,,
Monthly Change,20,AD1 - Phone,Populates via process Compare Raw Data to Raw Data,,,,,,,,,,,,,,
Monthly Change,21,AD1 - Phone Valid Dates From,Populates via process Compare Raw Data to Raw Data,,,,,,,,,,,,,,
Monthly Change,22,AD1 - Phone Valid Dates To,Populates via process Compare Raw Data to Raw Data,,,,,,,,,,,,,,
Monthly Change,23,AD2 - Phone,Populates via process Compare Raw Data to Raw Data,,,,,,,,,,,,,,
Monthly Change,24,AD2 - Phone Valid Dates From,Populates via process Compare Raw Data to Raw Data,,,,,,,,,,,,,,
Monthly Change,25,AD2 - Phone Valid Dates To,Populates via process Compare Raw Data to Raw Data,,,,,,,,,,,,,,
Monthly Change,26,AD3 - Phone,Populates via process Compare Raw Data to Raw Data,,,,,,,,,,,,,,
Monthly Change,27,AD3 - Phone Valid Dates From,Populates via process Compare Raw Data to Raw Data,,,,,,,,,,,,,,
Monthly Change,28,AD3 - Phone Valid Dates To,Populates via process Compare Raw Data to Raw Data,,,,,,,,,,,,,,
Monthly Change,29,Company,Populates via process Compare Raw Data to Raw Data,,,,,,,,,,,,,,
Monthly Change,30,Contact - Notes,Populates via process Compare Raw Data to Raw Data,,,,,,,,,,,,,,
Monthly Change,31,Capitation Date,Populates via process Compare Raw Data to Raw Data,,,,,,,,,,,,,,
Monthly Change,32,Enrollment Status,Populates via process Compare Raw Data to Raw Data,,,,,,,,,,,,,,
Monthly Change,33,Disenrollment Date,Populates via process Compare Raw Data to Raw Data,,,,,,,,,,,,,,
Monthly Change,34,Disenrollment Effective Date,Populates via process Compare Raw Data to Raw Data,,,,,,,,,,,,,,
Monthly Change,35,Disenrollment Reason,Populates via process Compare Raw Data to Raw Data,,,,,,,,,,,,,,
Monthly Change,36,Date of Death,Populates via process Compare Raw Data to Raw Data,,,,,,,,,,,,,,
Monthly Change,37,Caseload - Social Work,Populates via process Compare Raw Data to Raw Data,,,,,,,,,,,,,,
Monthly Change,38,Caseload - RN,Populates via process Compare Raw Data to Raw Data,,,,,,,,,,,,,,
Monthly Change,39,Caseload - PCP,Populates via process Compare Raw Data to Raw Data,,,,,,,,,,,,,,
Monthly Change,40,Caseload - HCC,Populates via process Compare Raw Data to Raw Data,,,,,,,,,,,,,,
Monthly Change,41,Caseload - Activities,Populates via process Compare Raw Data to Raw Data,,,,,,,,,,,,,,
Monthly Change,42,Caseload - OT,Populates via process Compare Raw Data to Raw Data,,,,,,,,,,,,,,
Monthly Change,43,Caseload - PT,Populates via process Compare Raw Data to Raw Data,,,,,,,,,,,,,,
Monthly Change,44,Caseload - RD,Populates via process Compare Raw Data to Raw Data,,,,,,,,,,,,,,
Monthly Change,45,Caseload - Supervising MD,Populates via process Compare Raw Data to Raw Data,,,,,,,,,,,,,,
Monthly Change,46,Additional Important Information,Populates via process Compare Raw Data to Raw Data,,,,,,,,,,,,,,
Monthly Change,47,Notes,Populates via process Compare Raw Data to Raw Data,,,,,,,,,,,,,,
Monthly Change,48,Safety - 2 Person,Populates via process Compare Raw Data to Raw Data,,,,,,,,,,,,,,
Monthly Change,49,Wanderer,Populates via process Compare Raw Data to Raw Data,,,,,,,,,,,,,,
Monthly Change,50,Interpreter Needed,Populates via process Compare Raw Data to Raw Data,,,,,,,,,,,,,,
Monthly Change,51,Fall Risk,Populates via process Compare Raw Data to Raw Data,,,,,,,,,,,,,,
Monthly Change,52,DPOA or Guardian Active,Populates via process Compare Raw Data to Raw Data,,,,,,,,,,,,,,
Monthly Change,53,Palliative Care,Populates via process Compare Raw Data to Raw Data,,,,,,,,,,,,,,
Monthly Change,54,Primary PMR Row,Populates via process Compare Raw Data to Raw Data,,,,,,,,,,,,,,